;company;inn
411;Moneyed flow;
56;COCOSLA;
362;"Кондитерский цех ""Сладости от Лазарева""";
383;TH HI;
182;Пасека Широковских;
494;Activai PROFESSIONAL;
416;Иван-чай Ярила;
183;Amy Du;
445;Куракин Мёд;
493;Бери Заряд!;
444;ArtHouse3D;
184;Южно-Сибирский зерновой комплекс;
60;MyPuff;
317;Кондитерский дом La Violette;
430;Бойцан Константин Владимирович;
108;ИП Калабушкин К.А.;
344;"ООО ""Эхо"" ТМ Белоручка";
429;"ТМ ""Обливский ГОСТ""";
301;ChokoCat;
328;Agua water company;
418;ГермесЭкоГрупп;
305;Hamonvsem;
73;Cis Market;
382;Ring Miners LLC;
381;Коломенский кролик;
245;Golden Сasing;
54;Нур Адам Агро;
471;Весёлый кочевник;
378;UralSirop;
442;VietCOCO;
64;ИП Закурдаева У.О.;
455;Номад фудс;
379;Органик Солюшнс;
499;Амиров Расул Сайгуфронович;
300;АвтоСоЛиСТ;
241;La pianta;
240;GreenLeaf;
106;Кусаинова Гульжан Маратовна;
299;ИП Обухов Иван Владимирович;
380;ИП Дробинин Михаил Владимирович;
179;Botanicherbs;
180;Cihan Group;
497;Базальтофф;
400;Рыбная ферма Сом Сомыч;
282;Hajitha Perera;
177;XU SHUYI;
175;"Производственная компания ""Фабрика Птица""";
109;Lamboni Club;
187;ИП Рубенко А.Е.;
199;ИП Яфаров Рамиль Зиатович;
388;Полезное Питание ЗОЖ;
121;Индейка Павлодарская;
68;"Пекарня ""Имбирный""";
67;croissant.kz;
120;ИП Шарипов Руслан Назипович;
217;ТМ Цветной;
395;ТОО Усть-Каменогорский Мукомольный Комбинат;
489;Pelenka.pro;
302;Eco Gum;
215;Биохутор Петровский;
427;EMIL GUSTAF BRUNIUS;
393;365 SkinDoctrine;
119;Скорожарка;
118;ИП Малик И.Ф.;
146;IZITOPER;
65;ИП Ходжамкулова Ш. Р.;
206;Gpc Group;
304;Fitocruise;
210;Производственно-Коммерческая Фирма Белый Ключ-М;
214;Time4tea;
61;Tamashae MIADI;
122;ZenPaper;
387;ИП ПРИКМЕТА;
124;Склад игрушек и сладостей;
110;Башигул;
190;Зоо-Автограф;
384;weiyetech;
452;Aromatic Note;
191;MedinaTaj;
192;Blacktea-Light;
231;Ortaque Ltd.;
72;BUCKWHEAT;
481;ИП Жинов С.В.;
289;FoodDry;
195;Саликова Айгерим Кайраткызы;
229;Greenton;
227;Розовская Пасека;
62;ИП Вострухин М.С.;
343;КФХ Бородкина Евгения Николаевна;
386;Солоновкино;
63;ИП Демчук Галина Викторовна;
196;Мясо оптом Екатеринбург;
197;Торговая компания Dinvest KZ;
230;KupiVit.ru;
415;Кобахидзе Анастасия Валерьевна;
500;ORDA TRADE MOSCOW;
135;Dani-Nan Managemen;
461;Elite Food Import;
28;Meal2goal;
45;Папа Слон;
352;Mealsbery;
369;ИП ХОДНЕВИЧ НАДЕЖДА АЛЕКСАНДРОВНА;
46;Гогуадзе Бежан Гурамович;
266;Киргизов Олимбой Туранович;
47;Дмитрий Викторович Пачалгин;
309;Старые традиции ДуньковЪ;
142;ООО КВК оптовая продажа;
141;SuperPrice;
162;Topradar;
464;"ТМ ""VERJE""";
98;Gonzo Trade;
164;Туркйол;
367;Розовый Аист;
372;Fan of Donuts;
321;ИП Зубайлов А.А.;
53;"ООО ""APMABИKC""";
22;Level99;
21;SelvaGiurata;
29;Trius labs;
363;Dansonia;
460;Талань-М;
157;ИП Гурская Наталья Георгиевна;
333;Mihram;
281;ИП Бехтерев Д.В.;
147;КлиматСервисУчалы;
439;Shop oreh;
39;Пепанян Хачатур Багратович;
37;Составнички;
506;Омелюхин  Александр Владимирович;
148;Кондитерская CacaoJet;
311;Калантаров Артур Октаевич;
36;ПЛОМБЫ-ИНДИКАТОРНЫЕ.РФ;
20;Eziz Erkin;
92;ИП Савенко Олег Геннадьевич;
316;Всего Навалом;
275;Мамедова Елена Станиславовна;
458;"Генеша, ""Раз-два-три""";
32;2PACK;
30;Pasta Palmoni;
42;Пустыльный Андрей Николаевич;
273;Typical Coffee;
95;ИП Садреева А.Г.;
43;ИП Демкина В.В.;
310;ИП Гельд О.А.;
41;Разумный дачник;
84;ИП Лернер Е.А.;
340;"ООО ""Вакуумные овощи""";
255;ИП Успенская А.В.;
138;Gaspar Food Master;
252;ИП Сидоренко-Силецкий В.А.;
83;Vicandy;
404;McSpices;
170;Protmarket;
78;Alidi (NFD);
49;Ak Yag;
332;Bucket Tooth Pin Lock;
503;КФК Звон-Гора;
172;Ohnemus GmbH Laubholzsägewerk;
357;ИП Кашаев С.В.;
502;SGV Qazaqstan;
104;Домочай;
76;ИП Горемыкин Сергей Борисович;
312;ИП Саидов Э.С.;
248;ИП ГАСПАРЯН Р.С.;
247;Candyyhome;
173;ИП Красильникова Л.Б.;
174;DJ SPOT;
326;CoffeeCacao;
139;Производитель и оптовый поставщик;
169;GreenFormula;
254;Цех по производству Талгана;
79;BRENDCARAMEL.SPB;
433;Андрусский Валерий Петрович;
291;ВостокЭкоЛайн;
407;Ворзова Н.Н.;
82;Tianjin galfa;
16;Пряничная артель Суворовыхъ;
504;Officina naturae S.r.l.;
140;Длсай Бейкери;
9;Golden moda baby;
375;ПродМастер ПВ;
7;B2B.TRADE;
18;Biological Equipment;
292;Storpulse;
80;Крошка КМВ;
